id,created_at,merchant,date,category,payment_source,amount,user_name,items,receipt_url,transfer_to
0396321c-2007-437e-b5d0-c0bca41b6162,2026-07-12 08:41:02.646508+00,Gosend,2026-07-12,Transportasi,OVO Istri,13000.00,Istri,[],,
04dc831c-c9e5-47b0-a4f1-1cd5fc2e4102,2026-07-05 05:11:24.80002+00,Gorengan pasar,2026-07-05,Makanan,Cash Suami,10000.00,Suami,[],,
05d2cde2-31f4-4b7c-ab70-c2b48e9abad8,2026-07-09 09:47:00.174555+00,Belikopi,2026-07-09,Makanan,OVO Istri,25000.00,Istri,[],,
065d6af3-6924-4697-bc86-c33d0bf35bf1,2026-07-19 07:19:52.659439+00,Indomaret,2026-07-19,Makanan,Cash Suami,28000.00,Suami,"[{""name"": ""FLOATY SNACK BWNG 60"", ""price"": 9900, ""category"": ""Makanan"", ""quantity"": 1}, {""name"": ""GURIBEE KEJU 65G"", ""price"": 8600, ""category"": ""Makanan"", ""quantity"": 1}, {""name"": ""RITZ CRCKRS CHOC 91G"", ""price"": 9500, ""category"": ""Makanan"", ""quantity"": 1}]",,
07d8938a-bf29-495d-a111-bfccb780679d,2026-07-15 05:29:01.0396+00,Saldo awal shopee pay,2026-07-15,Saldo Awal,ShopeePay Suami,38617.00,Suami,[],,
09d154b8-bd88-4603-85bf-c8626a549cd8,2026-07-09 02:27:25.281686+00,Kue anisah bu lina,2026-07-08,Makanan,Cash Istri,34000.00,Istri,[],,
09fdf7b6-e481-4333-98f1-071b3467f079,2026-07-10 02:19:01.986945+00,Ngasih mak mi,2026-07-10,Sosial & Ibadah,Cash Istri,25000.00,Istri,[],,
0aab4a0c-20e1-4186-9fea-b4b59f208e0e,2026-07-14 03:22:47.503643+00,Alfamidi tissue basah,2026-07-14,Kebutuhan Bayi,BNI Istri,24000.00,Istri,[],,
0ae6269b-57cf-425d-9858-e93a3c0efac0,2026-07-13 10:37:45.85172+00,Bayar sisa gojek istri,2026-07-13,Transportasi,Cash Suami,5000.00,Suami,[],,
0b22471d-e6c0-4bf3-b1de-30d3865c7b15,2026-07-09 10:37:59.866262+00,Lumpia stasiun,2026-07-09,Makanan,Cash Suami,15000.00,Suami,[],,
0bf6d4f8-a283-413b-94c3-9b2d1793202e,2026-07-13 11:23:33.357368+00,Isi gopay,2026-07-13,Transfer,Mandiri Suami,100000.00,Suami,[],,Gopay Suami
0cbe232a-8fad-4462-8ab7-772c7de48dbf,2026-07-08 11:19:42.88352+00,Grab ke stasiun,2026-07-08,Transportasi,OVO Suami,7000.00,Suami,[],,
0dfa1b0a-496d-47aa-8c51-361bd13c9067,2026-07-08 01:07:49.033277+00,Ambil cash,2026-07-08,Transfer,Cash Istri,250000.00,Istri,[],,Cash Suami
0f70b651-a439-4051-9e70-c505994b7a85,2026-07-07 06:46:48.261999+00,Jajan indomaret,2026-07-07,Makanan,Cash Istri,37000.00,Istri,[],,
152eb883-5238-4f26-9d6d-a0e731ecab70,2026-07-16 09:51:34.364514+00,Grab b18,2026-07-16,Transportasi,OVO Istri,19000.00,Istri,[],,
1566e231-dcac-4887-8c76-9e83037d92b7,2026-07-18 03:47:26.586194+00,Grab Bu Ani,2026-07-16,Kebutuhan Bulanan,OVO Istri,17000.00,Istri,[],,
17f8a989-b695-42e6-9589-2ead0112079a,2026-07-14 03:23:24.147491+00,Air mineral kardus,2026-07-14,Sosial & Ibadah,BNI Istri,43000.00,Suami,[],,
189601c8-505c-4d59-ac8f-c3c908526067,2026-07-13 14:26:20.34231+00,Makan mlamm,2026-07-13,Makanan,OVO Istri,28000.00,Istri,[],,
1dafef7b-2bcc-434d-8706-e764dc2c79a8,2026-07-09 02:25:09.951039+00,Tahu walik,2026-07-08,Makanan,Mandiri Suami,10000.00,Suami,[],,
1de47dc0-6390-4faf-b1aa-3f6df40da1f7,2026-07-13 14:42:06.407021+00,Jajan Bu Lina,2026-07-13,Makanan,Cash Istri,23000.00,Istri,[],,
23f844f8-8e5c-4448-af27-355b5c7b9bd1,2026-07-15 12:57:58.97923+00,Grab ke stasiun,2026-07-15,Transportasi,OVO Suami,7000.00,Suami,[],,
24cd45f3-2036-4f31-8109-27ea30a63fc1,2026-07-19 07:19:53.627844+00,Indomaret,2026-07-19,Kebutuhan Bulanan,Cash Suami,35000.00,Suami,"[{""name"": ""CHARM CL. FRSH NW 17S"", ""price"": 17500, ""category"": ""Kebutuhan Bulanan"", ""quantity"": 1}, {""name"": ""CHARM CL. FRSH WG 15S"", ""price"": 17500, ""category"": ""Kebutuhan Bulanan"", ""quantity"": 1}]",,
25a7bd59-f14a-4125-a62b-2f0aa13bc52c,2026-07-12 04:19:55.724173+00,"Tissue see u ",2026-07-12,Kebutuhan Bulanan,Cash Suami,50000.00,Suami,[],,
26708bcb-ae89-4cc7-ae3d-5ece94640266,2026-07-10 10:26:11.538957+00,Kaos screamous,2026-07-10,Hiburan,Mandiri Suami,270000.00,Suami,[],,
27b96c91-3a53-44aa-8f12-867434474354,2026-07-13 14:25:46.827615+00,Ngasih bu nurul,2026-07-10,Sosial & Ibadah,Cash Istri,100000.00,Istri,[],,
27bface8-e332-40b9-a942-02c0c4a92c22,2026-07-11 14:36:41.286584+00,Grab regency,2026-07-11,Transportasi,OVO Istri,10000.00,Istri,[],,
28ca2d80-5f39-4c3c-86cb-737cc9f73faf,2026-07-05 11:32:48.633611+00,Transfer bulanan bu lina + farrel,2026-07-05,Keluarga,Mandiri Suami,2000000.00,Suami,[],,
29ea177a-cd86-4729-a1c8-f15f6cb71448,2026-07-10 02:21:54.24422+00,Susu 2box kecil,2026-07-08,Kebutuhan Bayi,Cash Istri,71000.00,Istri,[],,
2bba711b-b286-4513-8c9b-89d0254f638f,2026-07-09 02:28:48.366191+00,Roti gembul,2026-07-08,Makanan,OVO Istri,27000.00,Istri,[],,
2cb5de0b-ad05-4168-9915-6bb7ae5b428b,2026-07-10 02:07:04.054445+00,"Le minerale ",2026-07-09,Kesehatan,Cash Suami,6000.00,Suami,[],,
2f700371-1712-4304-8c88-80d1459668e8,2026-07-13 14:27:47.094144+00,Mangga (papi pinjem),2026-07-12,Makanan,BNI Istri,103000.00,Istri,[],,
31f4bbf1-aa95-4862-854a-2c5bfbe6d21e,2026-07-10 02:23:29.567895+00,Salad buah,2026-07-07,Makanan,Cash Istri,19000.00,Istri,[],,
328b9f0d-5870-4512-9416-8e9537a95ec4,2026-07-15 04:46:34.257238+00,Tip driver,2026-07-15,Sosial & Ibadah,OVO Suami,10000.00,Suami,[],,
3539df8c-9cb3-46c0-91d0-b2decb382736,2026-07-07 21:51:47.068174+00,Pp mekari kereta,2026-07-08,Transportasi,Mandiri Suami,22000.00,Suami,[],,
38beeff4-9b90-458a-b0df-aa4437727468,2026-07-11 03:33:06.698911+00,Badminton,2026-07-11,Kesehatan,Cash Suami,20000.00,Suami,[],,
399af125-4fc7-4006-b73e-1ebc81828a5a,2026-07-14 03:22:09.72964+00,Alfamidi pamper,2026-07-14,Kebutuhan Bayi,BNI Istri,56000.00,Suami,[],,
3aa7b783-e29d-4ea0-927b-5063a8bfc9b3,2026-07-15 12:58:31.453947+00,Parkir stasiun,2026-07-15,Transportasi,Cash Suami,6000.00,Suami,[],,
3b743642-5eb0-4e67-9092-50d4c1ac805e,2026-07-13 14:21:49.32864+00,Sarapan,2026-07-13,Makanan,Cash Istri,20000.00,Istri,[],,
3b9effcc-52fd-40a0-a574-7f4914bc42ff,2026-07-11 01:25:22.363669+00,Grab pulang,2026-07-10,Transportasi,OVO Istri,8000.00,Istri,[],,
3bc0eeec-2bca-4ec7-9b0b-6628e39e9c55,2026-07-16 13:38:47.821793+00,Rotio,2026-07-16,Makanan,Mandiri Suami,15000.00,Suami,[],,
3d41c57b-610e-4995-9548-11f4ed8da002,2026-07-08 06:16:35.757563+00,"Isi ovo ",2026-07-08,Transfer,Mandiri Suami,100000.00,Suami,[],,OVO Suami
3e599796-168b-4024-928b-7b68f179684f,2026-07-09 02:25:43.836519+00,Pp ar rahma,2026-07-08,Transportasi,OVO Istri,16000.00,Istri,[],,
46563dd4-9c63-4f32-a6e4-f6528f3b6973,2026-07-13 05:48:31.306638+00,Hutang Diah,2026-07-10,Pendapatan,Cash Istri,1500000.00,Istri,[],,
4ebf88af-08ab-4c61-897d-fa2ab41f58c8,2026-07-18 03:48:39.319692+00,Warung ndelik,2026-07-17,Makanan,BNI Istri,40000.00,Istri,[],,
58ba8fdd-18fa-4fd9-ac97-97b52ff79e7a,2026-07-07 15:21:33.242003+00,Ovo,2026-07-07,Transfer,BNI Istri,150000.00,Istri,[],,OVO Istri
5b161681-90a9-4082-ae0b-b1b2372d2bdc,2026-07-14 06:24:38.833394+00,Kikil mihun bu Faiqo,2026-07-14,Makanan,Cash Suami,40000.00,Suami,[],,
600c288f-4a69-4638-8e74-9bcbccfbbd18,2026-07-14 03:23:46.347683+00,Grab berangkat,2026-07-14,Transportasi,OVO Istri,20000.00,Istri,[],,
6355fbfc-ac96-4af8-89b6-2709d321d757,2026-07-09 10:38:42.015837+00,Grab bike ke regency,2026-07-09,Transportasi,OVO Suami,7000.00,Suami,[],,
6473ff2b-fb2f-45ee-9d9c-c87d25ce9e54,2026-07-15 12:58:58.613315+00,Burger sidowayah,2026-07-15,Makanan,Mandiri Suami,38000.00,Suami,[],,
648410c0-abb6-43aa-83f3-c6ca12973021,2026-07-17 06:37:19.229263+00,Baby fever Iyel,2026-07-17,Kebutuhan Bayi,Cash Suami,25500.00,Suami,[],,
66ac3eee-9cd9-458c-99e4-a72ae9b8cad9,2026-07-16 13:39:08.478172+00,Grab ke kantor,2026-07-16,Transportasi,OVO Suami,10500.00,Suami,[],,
6787fbf2-4e24-4385-b784-f5dd47b6f078,2026-07-18 06:28:35.819597+00,Geprek jon,2026-07-18,Makanan,Cash Suami,22000.00,Suami,[],,
684ad34a-db0a-4061-910f-7846edf1d6a8,2026-07-09 02:24:41.600356+00,Isi bensin motor,2026-07-08,Transportasi,Cash Suami,50000.00,Suami,[],,
68a6e815-71d2-430f-b5a4-60031d3b29ee,2026-07-09 07:03:39.317771+00,Grab,2026-07-09,Transportasi,OVO Istri,20000.00,Istri,[],,
69dbc8f9-8cc2-4ad9-b308-22e8fc93962b,2026-07-11 01:25:50.86925+00,Ovo kerja,2026-07-10,Transportasi,OVO Istri,9500.00,Istri,[],,
6b3f7f70-1839-4f56-946e-46162525e591,2026-07-13 14:41:22.272928+00,Njajan,2026-07-09,Makanan,OVO Istri,41000.00,Istri,[],,
6c073d74-8c0e-49ef-993d-7699dae94166,2026-07-05 11:18:13.645759+00,Miejol,2026-07-05,Makanan,OVO Istri,25500.00,Istri,[],,
6c15d74d-c3cd-490a-9c8d-90d6babff13b,2026-07-18 13:34:46.64257+00,Grab berangkat,2026-07-18,Transportasi,OVO Istri,8000.00,Istri,[],,
6cb8536f-7138-4519-b580-177df26824a3,2026-07-05 11:17:38.870117+00,Top up ovo,2026-07-05,Transfer,BNI Istri,100000.00,Istri,[],,OVO Istri
6cd8be05-69de-4a5e-8983-185d1c056cce,2026-07-16 03:12:59.022164+00,Grab kerja,2026-07-16,Transportasi,OVO Istri,10000.00,Istri,[],,
6d54012b-54b3-4d25-b114-6a1ad0d174c1,2026-07-07 12:06:51.418633+00,Rocket chicken,2026-07-07,Makanan,Gopay Suami,38950.00,Suami,[],,
6edbbc58-694e-4188-b4cb-2299ad9e9ec6,2026-07-07 06:46:11.885479+00,PP PMI,2026-07-07,Transportasi,OVO Istri,38000.00,Istri,[],,
702319bd-c721-430a-86f1-e7ebe27f1ff7,2026-07-08 04:59:51.115381+00,"Grab ke kantor ",2026-07-08,Transportasi,OVO Suami,10500.00,Suami,[],,
73c892a1-bfcd-42e4-a4c3-4dc13dee63e1,2026-07-12 05:37:56.50008+00,Grab herpito pp,2026-07-12,Transportasi,OVO Istri,22000.00,Istri,[],,
74e9d0aa-df0e-4d1b-8c18-a0fe8c79562b,2026-07-18 03:48:17.130935+00,Wipol,2026-07-18,Kebutuhan Bulanan,Cash Istri,27000.00,Istri,[],,
78aaa7d9-3879-4d3b-a29a-31699a9a2e6e,2026-07-09 10:36:46.501995+00,Pp stasiun kantor grabbike,2026-07-09,Transportasi,OVO Suami,17500.00,Suami,[],,
78b41dbb-3255-4a2e-8043-930b7c89670a,2026-07-16 05:22:15.212995+00,Kantong asi,2026-07-15,Kebutuhan Bayi,BNI Istri,22000.00,Suami,[],,
79183174-bad1-4d84-a86d-417f99269379,2026-07-16 09:55:01.715152+00,Yakult keliling,2026-07-16,Makanan,Cash Istri,12000.00,Suami,[],,
79521b26-274e-459f-82dc-d2163e0c63bf,2026-07-18 06:28:13.595383+00,Isi token listrik,2026-07-18,Kebutuhan Bulanan,Mandiri Suami,100000.00,Suami,[],,
79a591a9-8b11-4036-9491-f1f2c56d78a5,2026-07-04 11:47:06.943609+00,Es Teh Kita Bangil,2026-07-04,Makanan,Cash Suami,16000.00,Suami,"[{""name"": ""Dark Choco"", ""price"": 10000, ""category"": ""Makanan"", ""quantity"": 1}, {""name"": ""Pome Tea"", ""price"": 6000, ""category"": ""Makanan"", ""quantity"": 1}]",,
7a59b554-39b7-4fdc-988f-77dc13a32470,2026-07-05 11:31:29.131285+00,Transfer bulanan,2026-07-05,Transfer,Mandiri Suami,5000000.00,Suami,[],,BNI Istri
7b1fde9c-48e5-419e-997c-75d62b131b49,2026-07-13 11:24:06.600392+00,Warung sambel,2026-07-13,Makanan,Gopay Suami,53050.00,Suami,[],,
7e252a7e-5bf4-4a1f-80f0-f5cb4b1228a3,2026-07-11 11:05:49.214403+00,Njajann,2026-07-11,Makanan,Cash Istri,15000.00,Istri,[],,
7e8adb71-a0cb-45d9-88b8-e6b8a09f1f9e,2026-07-09 02:26:09.29854+00,Sarapan anisah,2026-07-08,Makanan,Cash Istri,10000.00,Istri,[],,
7f3a8e01-d259-41f9-a42f-041a0d87796a,2026-07-16 01:29:48.920531+00,Sarapan+ maksi,2026-07-15,Makanan,Cash Istri,25000.00,Istri,[],,
7fb1ed3c-7f2c-4276-828e-e99f268ce07a,2026-07-11 01:26:11.809993+00,Grab pulang,2026-07-10,Transportasi,OVO Istri,9500.00,Istri,[],,
808f5f8a-f4ce-4b87-ad05-71fbf54f2544,2026-07-04 07:20:26.261806+00,Set saldo awal cash,2026-07-04,Saldo Awal,Cash Suami,127000.00,Suami,[],,
82a8caf1-14cb-49c7-9580-f929f8c4d18c,2026-07-07 01:55:37.200177+00,Bayar bulanan perumahan,2026-07-07,Kebutuhan Bulanan,BNI Istri,150000.00,Istri,[],,
85c5dedb-aa50-40c5-8bb5-c67a01e15a4d,2026-07-19 02:39:00.127599+00,Raket mizuno :(((,2026-07-19,Hiburan,Mandiri Suami,1229000.00,Suami,[],,
898f7a6f-9863-4423-b47e-36096ffd1798,2026-07-14 12:44:04.861892+00,Qays dapat amplop,2026-07-14,Pendapatan,Cash Istri,600000.00,Istri,[],,
89f98f94-442c-4d9d-9f00-3e672422ad41,2026-07-06 12:34:53.581832+00,Cakue pasar,2026-07-06,Makanan,Cash Suami,10000.00,Suami,[],,
8b540d42-2388-4586-8ba7-4b45a23a17dd,2026-07-10 02:06:18.640614+00,Rocket chicken,2026-07-09,Makanan,OVO Suami,32000.00,Suami,[],,
90679bd3-b5cf-4343-bdbd-05e9bdc19c21,2026-07-13 10:37:22.963731+00,Pindah saldo,2026-07-13,Transfer,Cash Istri,200000.00,Istri,[],,Cash Suami
91104631-8d2a-45ee-b5e5-eead0b76eb5c,2026-07-19 07:18:04.900108+00,Transfer cash,2026-07-19,Transfer,Cash Istri,250000.00,Istri,[],,Cash Suami
98183753-11f6-48bf-aab3-605d8db7784d,2026-07-17 06:37:45.743979+00,Geprek jon,2026-07-17,Makanan,Mandiri Suami,28000.00,Suami,[],,
9cd16484-2c0f-4973-9e5f-7ec926b00367,2026-07-16 13:39:58.70506+00,Parkir stasiun,2026-07-16,Transportasi,Cash Suami,6000.00,Suami,[],,
9cf37856-6d05-492d-9bc9-1e11a4738387,2026-07-04 11:42:59.548729+00,Ambil cash,2026-07-04,Transfer,Mandiri Suami,500000.00,Suami,[],,Cash Suami
9de70612-5ffb-4241-a533-3f4f04b1edb1,2026-07-11 11:07:02.559526+00,Maksi grabb,2026-07-11,Makanan,OVO Istri,15000.00,Istri,[],,
9e36e69a-79e0-4410-807c-ad0e5c9c71c0,2026-07-16 01:26:31.919404+00,Regency ke Pekoren,2026-07-15,Transportasi,OVO Istri,15000.00,Istri,[],,
9e8c90cd-650f-4e9b-8480-264a71bde050,2026-07-16 05:23:03.102743+00,Bak bayi+bantalan,2026-07-16,Kebutuhan Bayi,BNI Istri,155000.00,Istri,[],,
9ef168d9-d1ec-4959-a046-8c78f0c4406f,2026-07-14 12:42:11.411013+00,Kue basah,2026-07-14,Sosial & Ibadah,BNI Istri,50000.00,Suami,[],,
a1804b18-4e7f-4683-b08a-43c60ea44c80,2026-07-12 03:40:10.936675+00,Starlite internet,2026-07-12,Kebutuhan Bulanan,Mandiri Suami,100750.00,Suami,[],,
a4951f2d-d368-4c7a-98c6-4fb4d817f421,2026-07-15 04:45:38.957381+00,Tiket kereta pp mekari,2026-07-15,Transportasi,Mandiri Suami,16000.00,Suami,[],,
a49c906d-b725-41b3-a541-9fe4f1f8c4b4,2026-07-15 05:38:51.821551+00,Dadar beredar,2026-07-15,Makanan,Gopay Suami,37600.00,Suami,[],,
a4c59ace-be64-4a0a-99aa-642d8530db76,2026-07-18 03:49:24.870598+00,Isi ovo,2026-07-16,Transfer,BNI Istri,150000.00,Istri,[],,OVO Istri
a4d12841-06e4-463a-8aa6-079c8246521d,2026-07-11 14:37:15.839455+00,Pijet,2026-07-11,Kesehatan,Cash Suami,100000.00,Suami,[],,
a4d66aec-68e3-4a78-b138-228bad06f9be,2026-07-17 06:36:54.989182+00,Pak ogah,2026-07-17,Sosial & Ibadah,Cash Suami,2000.00,Suami,[],,
a65977cb-e9c3-487d-a839-9ee75ede42f7,2026-07-10 06:45:21.860139+00,Kupon obligasi,2026-07-10,Pendapatan,Mandiri Suami,43330.00,Suami,[],,
a682fffb-dd02-4e4a-82a1-2e063444f09e,2026-07-13 11:24:29.200299+00,Tip driver gofood,2026-07-13,Sosial & Ibadah,Gopay Suami,10000.00,Suami,[],,
a790a2f8-a978-494b-bcfc-cf67672e4f91,2026-07-06 15:26:23.636869+00,Pp ar rahma,2026-07-06,Transportasi,OVO Istri,16000.00,Istri,[],,
a9984472-7c6d-4afd-b917-1d6f6832499b,2026-07-05 12:36:48.894644+00,Bayar cicilan lemari,2026-07-05,Lain-lain,Mandiri Suami,500000.00,Suami,[],,
a9d7e5fc-ae27-4a8e-8626-65583a9317ce,2026-07-07 22:33:14.512488+00,Leminerale alfa,2026-07-08,Kebutuhan Bulanan,BNI Istri,48000.00,Istri,[],,
ab2e6bb5-6eca-41db-a963-93fc93254e62,2026-07-16 05:21:34.84989+00,Buku berwarna,2026-07-16,Kebutuhan Bayi,BNI Istri,50000.00,Istri,[],,
acf3bdd1-922b-4567-8156-20f946440377,2026-07-09 02:23:57.007615+00,Karcis stasiun bangil,2026-07-08,Transportasi,Cash Suami,6000.00,Suami,[],,
aeeba173-232d-4a5a-a6ba-2c1d712fe991,2026-07-05 05:11:04.995554+00,"AHASS FORTUNE MOTOR ",2026-07-05,Lain-lain,Cash Suami,385000.00,Suami,"[{""name"": ""AKI"", ""price"": 275000, ""category"": ""Lain-lain"", ""quantity"": 1}, {""name"": ""OLI GARDAN"", ""price"": 20000, ""category"": ""Lain-lain"", ""quantity"": 1}, {""name"": ""TUNE UP"", ""price"": 65000, ""category"": ""Lain-lain"", ""quantity"": 1}, {""name"": ""PEMBERSIHAN CVT"", ""price"": 45000, ""category"": ""Lain-lain"", ""quantity"": 1}]",,
af73b12e-c824-4d10-9b37-a8f896e4cca3,2026-07-13 14:26:52.504126+00,Ovoo,2026-07-13,Transfer,BNI Istri,159000.00,Istri,[],,OVO Istri
b164e689-1f15-42c8-a5e6-48a5aa15122f,2026-07-06 09:34:22.354751+00,Grab bike ke ar rahma,2026-07-06,Transportasi,OVO Suami,7000.00,Suami,[],,
b279bde4-afe2-4775-b194-5d4c8895247c,2026-07-09 02:26:48.084236+00,Ayam tulang lunak,2026-07-08,Makanan,OVO Istri,15000.00,Istri,[],,
b2f58328-91b1-4ba0-8b97-8ff3a85d0f4e,2026-07-11 03:32:48.583329+00,Badminton,2026-07-09,Kesehatan,Cash Suami,15000.00,Suami,[],,
b70f026c-12f6-4bee-a523-5cddb0342104,2026-07-04 11:44:00.594725+00,"Bayar utang makan ",2026-07-04,Makanan,Cash Suami,100000.00,Suami,[],,
b8abfb0c-7c71-4a32-802e-e2febd96b569,2026-07-11 14:37:02.29433+00,Grab pekoren,2026-07-11,Transportasi,OVO Istri,15000.00,Istri,[],,
b963d5a0-fb4b-4727-9078-7d1af70e51f6,2026-07-06 12:34:23.688598+00,Nasi goreng pak pri,2026-07-06,Makanan,Cash Suami,40000.00,Suami,[],,
bff15231-3a3c-43c8-83e2-3d49b0a76bba,2026-07-16 09:50:34.74102+00,Grab Regency,2026-07-16,Transportasi,OVO Istri,20000.00,Istri,[],,
c257eae9-4727-4a78-aeb4-e75f44f73933,2026-07-06 15:26:47.552906+00,Jajan alun2,2026-07-06,Makanan,Cash Istri,8000.00,Istri,[],,
c37178b6-fc2d-4e2a-a2ce-bcdd9e7b0e83,2026-07-19 02:38:34.966893+00,Pak prii,2026-07-18,Makanan,Cash Suami,60000.00,Suami,[],,
c378d087-a1c7-4054-b4ff-69a6b11d1fb0,2026-07-10 02:09:20.84482+00,Reimburse,2026-07-09,Pendapatan,Mandiri Suami,2137000.00,Suami,[],,
c59ed311-e7ca-497e-9c7f-f55852f64b22,2026-07-14 03:21:38.476683+00,Alfamidisusu,2026-07-14,Kebutuhan Bayi,BNI Istri,72000.00,Istri,[],,
c6c215a3-33f3-4f9b-9a1d-fbe6c30ab8e8,2026-07-09 07:03:23.863795+00,Grab,2026-07-09,Transportasi,OVO Istri,8000.00,Istri,[],,
c6df3293-2a9d-429d-b288-fd48da149185,2026-07-07 05:03:09.883301+00,Saldo awal gopay,2026-07-07,Saldo Awal,Gopay Suami,22931.00,Suami,[],,
c6e88e17-8592-4ece-bca1-174fb9773d99,2026-07-16 05:20:00.905271+00,2 Buku stimulasi,2026-07-16,Kebutuhan Bayi,BNI Istri,50000.00,Istri,[],,
c763932f-4e90-401f-aefd-971700803a57,2026-07-13 14:22:34.551638+00,Grab Arrahmah,2026-07-13,Transportasi,Cash Istri,10000.00,Istri,[],,
c7711597-cd24-4e27-9b30-7cb14b69d07a,2026-07-13 05:49:03.531013+00,Beli dispenser,2026-07-12,Lain-lain,Cash Istri,1250000.00,Istri,[],,
c924853a-ac31-410a-8e51-978ec8c7d89c,2026-07-16 00:22:46.57663+00,Roti o,2026-07-16,Makanan,Mandiri Suami,15000.00,Suami,[],,
c92622ee-99b6-455b-8f1e-85cdf39ae0c6,2026-07-07 06:47:36.99472+00,Donat untuk bancaan,2026-07-07,Makanan,Cash Istri,70000.00,Istri,[],,
cda343b5-f1d5-4ebe-bc3f-2ad1e6c74d7e,2026-07-05 11:17:00.927488+00,Saldo awal ovo,2026-07-05,Saldo Awal,OVO Istri,13000.00,Istri,[],,
ce153f38-97bc-4dce-ad43-b355e1536501,2026-07-05 08:38:37.079836+00,"Saldo awal bni ",2026-07-05,Saldo Awal,BNI Istri,2219000.00,Istri,[],,
d2f6c444-f542-44ff-bd70-4614e817e022,2026-07-04 07:19:27.372601+00,Set saldo awal,2026-07-04,Saldo Awal,Mandiri Suami,16837000.00,Suami,[],,
d314712c-6400-456b-85c5-f57fd2aef569,2026-07-07 05:05:51.107426+00,Isi gopay,2026-07-07,Transfer,Mandiri Suami,100000.00,Suami,[],,Gopay Suami
d574d583-70ed-4af3-a9c9-1fe6f96f46f5,2026-07-14 03:24:03.902395+00,Sarapan,2026-07-14,Makanan,Cash Istri,12000.00,Istri,[],,
d5cbf0bf-f729-4d42-9821-5ea7ae1d9914,2026-07-12 06:37:32.789801+00,Pecel pasar,2026-07-12,Makanan,Cash Suami,18000.00,Suami,[],,
d62dd64f-c678-4efc-b804-c52894a069ab,2026-07-14 09:18:39.829274+00,"Pak ogah ",2026-07-14,Sosial & Ibadah,Cash Suami,5000.00,Suami,[],,
daa8c8fd-3820-4ece-83ca-a485f1b56518,2026-07-15 04:46:07.707537+00,Grab ke kantor,2026-07-15,Transportasi,OVO Suami,10500.00,Suami,[],,
dce19fb7-bf17-4d18-a865-00af0f68c54e,2026-07-06 09:33:59.467425+00,Saldo awal ovo,2026-07-06,Saldo Awal,OVO Suami,23000.00,Suami,[],,
dd5d43cb-06d7-4fed-b47e-2a04e5e8bd6b,2026-07-15 05:38:19.255061+00,Top up gopay,2026-07-15,Transfer,Mandiri Suami,100000.00,Suami,[],,Gopay Suami
ddb09492-5e3a-4e79-9aa7-4ca7b41571b0,2026-07-08 07:38:40.385253+00,"Uda wandi ",2026-07-08,Makanan,Mandiri Suami,32500.00,Suami,[],,
e0e1e48c-225c-4a9f-a0dc-820b049091af,2026-07-10 02:18:02.002188+00,Beli jajan,2026-07-10,Makanan,Cash Istri,22500.00,Istri,[],,
e30aba52-0157-440c-bdfa-6d093f2f37ce,2026-07-10 02:17:33.12913+00,Grab kerja,2026-07-10,Transportasi,OVO Istri,12500.00,Istri,[],,
e4ebe6bf-184c-494e-b190-abbd5eb5877f,2026-07-14 12:43:01.283783+00,Bensin mobil,2026-07-14,Transportasi,Cash Istri,200000.00,Suami,[],,
e5d05f6d-0303-4d73-ab4a-4501feb24b48,2026-07-14 09:18:16.90443+00,Melita suguhan pkk,2026-07-14,Sosial & Ibadah,Gopay Suami,48600.00,Suami,[],,
e64c0fe4-d1f4-4a82-88ad-a9229586ab43,2026-07-16 05:24:07.273843+00,Earmuff bayi,2026-07-16,Kebutuhan Bayi,BNI Istri,40000.00,Istri,[],,
e7154227-f1f4-4e49-846b-ac921310a32a,2026-07-07 15:14:40.204811+00,Lap ilerrr,2026-07-07,Kebutuhan Bayi,BNI Istri,48500.00,Istri,[],,
ea18b073-5992-45db-88b3-1922dc7b3683,2026-07-11 01:26:38.032637+00,Pulsa,2026-07-11,Hiburan,OVO Istri,12000.00,Istri,[],,
eb8b797b-b12c-4356-873f-7133b19161df,2026-07-07 22:34:22.507656+00,Susu+Popok Alfa,2026-07-08,Kebutuhan Bayi,BNI Istri,130000.00,Istri,[],,
ec3bac17-fc2d-4101-8c7d-4871ce5c646c,2026-07-16 13:39:30.513247+00,Gopay ke stasiun,2026-07-16,Transportasi,Gopay Suami,7000.00,Suami,[],,
ec5f0d9b-d887-4924-8636-24253c6f97b9,2026-07-18 03:46:54.085282+00,Mbak Ani bersih2,2026-07-18,Kebutuhan Bulanan,Cash Istri,60000.00,Istri,[],,
ef680c50-4c9d-4591-9f7a-dea12c098a78,2026-07-10 02:17:12.449501+00,Pindah Dana ke OVO Istri,2026-07-10,Transfer,BNI Istri,150000.00,Istri,[],,OVO Istri
f0660554-65d3-46e9-9644-f4dd3a31a932,2026-07-16 01:25:52.438657+00,Grab ke Regency,2026-07-15,Transportasi,OVO Istri,10000.00,Istri,[],,
f086be69-3b93-4b41-aa09-0f68f673dcd2,2026-07-14 12:41:25.337801+00,Gado gado,2026-07-14,Sosial & Ibadah,BNI Istri,280000.00,Istri,[],,
f19107a5-9142-40fc-8c43-0a6e6d9215da,2026-07-05 08:33:42.434618+00,Saldo awal cash istri,2026-07-05,Saldo Awal,Cash Istri,1435000.00,Istri,[],,
f1c57f4d-52bf-4f8b-8cf0-1065a363dd14,2026-07-18 13:35:03.267524+00,Grab pulang,2026-07-18,Transportasi,OVO Istri,8000.00,Istri,[],,
f2007bc9-fffb-4da9-8cce-62cc8dd5af35,2026-07-09 02:27:59.723954+00,Bersih bersih bu Novan,2026-07-08,Kebutuhan Bulanan,Cash Istri,70000.00,Istri,[],,
f2d01aac-0657-4f4b-aafc-9f58a028d8f9,2026-07-07 15:23:22.067969+00,Pumping Iyel,2026-07-07,Kebutuhan Bayi,BNI Istri,312000.00,Istri,[],,
f3b44b35-4185-47ec-a23a-46f44340e7bc,2026-07-10 02:16:40.909258+00,Grab dari indomaret,2026-07-09,Transportasi,OVO Istri,20000.00,Istri,[],,
f613a4c9-89ea-4463-8bf2-0e8d763fd8ee,2026-07-07 15:15:49.446015+00,Kertas airfryer,2026-07-07,Kebutuhan Bulanan,BNI Istri,28000.00,Istri,[],,
f8bdb206-b641-4592-9edc-002441031055,2026-07-07 05:06:36.925957+00,Gado gado,2026-07-07,Makanan,Gopay Suami,59600.00,Suami,[],,
f8fe7e68-529b-412a-8c7b-9591bcaaff8d,2026-07-06 15:33:11.573844+00,PP PMI,2026-07-06,Transportasi,OVO Istri,36000.00,Istri,[],,
fd348371-ee7a-4103-b18a-4de32ff3c756,2026-07-10 06:44:37.224903+00,Infaq jumatan,2026-07-10,Sosial & Ibadah,Cash Suami,20000.00,Suami,[],,
fe1792cb-a68b-436d-be2a-c4c1e5670cf0,2026-07-19 07:19:54.554794+00,Indomaret,2026-07-19,Lain-lain,Cash Suami,500.00,Suami,"[{""name"": ""IDM KTG PLSTK 1W BSR"", ""price"": 500, ""category"": ""Lain-lain"", ""quantity"": 1}]",,
ff4226d4-cf2b-42d8-834a-ce512b94d4d3,2026-07-18 03:50:50.172532+00,Susu pampers galon,2026-07-17,Kebutuhan Bayi,BNI Istri,184000.00,Suami,[],,
ffe24968-662a-45ff-92ae-71d4fe45c1de,2026-07-20 01:38:46.212681+00,Obat antibiotik dan bye bye fever,2026-07-19,Kesehatan,Cash Suami,53000.00,Suami,[],,